resourceRequestProject,resourceRequestClient
FB-26010 - Tooling Container Fitout,C0000-Marlu
LH-25003 - 2x Agitator Truck Drivers Perth,C0026-HOLCIM
LH-25005 - 1 x ASSISTANT TO CLEAN NIGHT SHIFT,C0012-CSBP Site Services
LH-25006 - FSA Pumping ,C0012-CSBP Site Services
MG-01 Perth Head Office Operations,Z OH
MG-02 - Port Kennedy Workshop Operations,Z OH
MG-03 - B.DEV,C0000-Marlu
PR-25012 - CVR041 - CVR063 Scrubber Trash Chute,C0003-Roy Hill
PR-25017 - Screen Isolation Gates Supply & Install,C0003-Roy Hill
PR-25026 - Dugouts (MR319),C0009-Baldivis FC
PR-25070 - MR303 - Maintenance Scaffold Hire,C0001-BHP NiW KNS
SC-25015 - Scaffold for Renos,C0054-PhillHamersley
SH-26047 - Sunrise Tech Taylor Valve ChangeOut,C0071-Plus Pumps
SH-26048 - SFT2601 WTG,C0060-Hancock Shuts
SH-OH-NBG,C0002-Newmont
SH-OH-RH,Z OH
TH-01 -Transport & Hire Overheads ,C0000-Marlu
TH-25011 - Ute hire,C0026-HOLCIM
TH-25012 - Ute Hire,C0026-HOLCIM
TH-25013 - MR211 - NORTH WEST -  QUARRY TRANSPORT,C0026-HOLCIM
TH-25014 - MR212 - METRO - QUARRY TRANSPORT,C0026-HOLCIM
TH-25015 - MR214 - Dry Hire Tipper,C0013-Diverse Group
TH-25022 - 2x Bus Transport Newman to Perth,C0043-Yellow Truck & Bus Hire
TH-26023 - NW UTE HIRE,C0026-HOLCIM
WL-01 - Westlink Office Operations,Z OH
WL-25009 - Supply Blaster Painter - Ongoing as required,C0061-Tank and Vessel Engineering
WL-25012 - Loader Operator,C0064-Holcim Jandabup
WL-25013 - Loader Operator,C0067-Holcim Gosnells
WL-25014 - Loader Operator,C0066-Holcim Port Hedland
WL-25015 - Internal Sales,C0069-Allwood Timber Supplies 
WL-25016 - Trade Assistant Loader Operator,C0068-Summit Fertilizers
WL-25017 - Blaster Painter,C0070-United Industrial Services
WL-26019 Store Person,C0069-Allwood Timber Supplies 
WL-26021 - Bus Driver,C0043-Yellow Truck & Bus Hire
SC-BHP KNS-ROS Ongoing Roster,C0001-BHP NiW KNS
PR-CSBP-ROS Ongoing Roster,C0012-CSBP Site Services
